word,id
serpentarium,4mVqJQ7WjKa4QxTA0Cci1z
serpentarium,63hOdwOphe9bkrHrl2XvMY
serpentarium,7u5sFHah99mPfs5KqrW5Th
serpentarium,2GstmgnmMfikThy1r53umb
serpentarium,3QckYH7nBVoboXtrmpdeEi
serpentarium,0SUSDBqodaqQJIxGfouJ8J
serpentarium,2ZHHuSTILjzPtrfCGBLPd6
serpentarium,17kKPcOnk1glQYWlQcGLsm
serpentarium,7ALEnl4jSyJmg956AbTNoY
serpentarium,20J1CiqGbzzCdbcz5hx3VV
serpentarium,3dcSjfzEWixd2qxjSZTFrb
serpentarium,16bGYedGJKX79e0s0YIR2I
serpentarium,3MJcCxAHG1I0JvG1rP6T0D
serpentarium,5oxtysfA1cb784ha2F7ayN
serpentarium,77vHfbe5XhJ1OdKfkVHHnY
serpentarium,1V1qBMJ2GlYWm8hAxW2mj5
serpentarium,6tPmD1OzN0B5oB8upA9Cxc
serpentarium,2gkklqGeKLfwsjFqyANVkY
serpentarium,0QyGscWJMP7bCH16G56msu
serpentarium,6TtxgIL0aEpW6D9t7BAU9z
